{
    "trmnl": {
      "plugin_settings": {
        "custom_fields_values": {
          "entities": "-:sensor.mstr\nRoom1:sensor.lumi_lumi_weather_temperatura_3\nRoom1:sensor.lumi_lumi_weather_wilgotnosc_3\nRoom1:sensor.lumi_lumi_weather_cisnienie_3\nRoom2:sensor.lumi_lumi_weather_temperatura\nRoom3:sensor.lumi_lumi_weather_temperatura_2\nRoom3:sensor.lumi_lumi_weather_wilgotnosc_2\nRoom4:sensor.lumi_lumi_weather_temperatura\nRoom4:sensor.lumi_lumi_weather_wilgotnosc",
          "pill_entities": "sensor.mstr\nsensor.mstr\nsensor.mstr",
          "pill_position": "top",
          "layout": "sections",
          "entity_style": "simple"
        }
      }
    },
    "IDX_0": {
        "entity_id": "sensor.mstr",
        "state": "304.79",
        "attributes": {
            "state_class": "measurement",
            "change": -15.5,
            "changeOneWeek": -46.84,
            "changeOneMonth": -21.66,
            "changeThreeMonths": -116.95,
            "changeOneYear": 121.45,
            "changeThreeYears": 282.659,
            "changeFiveYears": 288.33,
            "changeTenYears": 284.24,
            "changeCurrentYear": 15.17,
            "changePercent": -4.84,
            "changePercentOneWeek": -13.321,
            "changePercentOneMonth": -6.635,
            "changePercentThreeMonths": -27.73,
            "changePercentOneYear": 66.243,
            "changePercentThreeYears": 1277.208,
            "changePercentFiveYears": 1751.701,
            "changePercentTenYears": 1383.163,
            "changePercentCurrentYear": 5.238,
            "name": "Strategy A",
            "trending": "down",
            "unit_of_measurement": "USD",
            "device_class": "monetary",
            "icon": "mdi:cash",
            "friendly_name": "MSTR"
        },
        "last_changed": "2025-10-10T21:01:23.569185+00:00",
        "last_reported": "2025-10-10T23:01:23.597240+00:00",
        "last_updated": "2025-10-10T23:01:23.597240+00:00",
        "context": {
            "id": "01K785Q20D9CE308WDAY8PXXZV",
            "parent_id": null,
            "user_id": null
        }
    },
    "IDX_1": {
        "entity_id": "sensor.lumi_lumi_weather_temperatura_3",
        "state": "22.4",
        "attributes": {
            "state_class": "measurement",
            "unit_of_measurement": "\u00b0C",
            "device_class": "temperature",
            "friendly_name": "Temperatura"
        },
        "last_changed": "2025-10-11T09:47:40.282052+00:00",
        "last_reported": "2025-10-11T09:47:40.282052+00:00",
        "last_updated": "2025-10-11T09:47:40.282052+00:00",
        "context": {
            "id": "01K79APDVTXNQXKM3FTKJSMQ80",
            "parent_id": null,
            "user_id": null
        }
    },
    "IDX_2": {
        "entity_id": "sensor.lumi_lumi_weather_wilgotnosc_3",
        "state": "67.56",
        "attributes": {
            "state_class": "measurement",
            "unit_of_measurement": "%",
            "device_class": "humidity",
            "friendly_name": "Wilgotno\u015b\u0107"
        },
        "last_changed": "2025-10-11T09:47:40.287939+00:00",
        "last_reported": "2025-10-11T09:47:40.287939+00:00",
        "last_updated": "2025-10-11T09:47:40.287939+00:00",
        "context": {
            "id": "01K79APDVZ2C4CHTHHGS6WH4MZ",
            "parent_id": null,
            "user_id": null
        }
    },
    "IDX_3": {
        "entity_id": "sensor.lumi_lumi_weather_cisnienie_3",
        "state": "994",
        "attributes": {
            "state_class": "measurement",
            "unit_of_measurement": "hPa",
            "device_class": "pressure",
            "friendly_name": "Ci\u015bnienie"
        },
        "last_changed": "2025-10-11T09:47:40.295483+00:00",
        "last_reported": "2025-10-11T09:47:40.295483+00:00",
        "last_updated": "2025-10-11T09:47:40.295483+00:00",
        "context": {
            "id": "01K79APDW71RHS456EYC4F9QSS",
            "parent_id": null,
            "user_id": null
        }
    },
    "IDX_4": {
        "entity_id": "sensor.lumi_lumi_weather_temperatura",
        "state": "21.97",
        "attributes": {
            "state_class": "measurement",
            "unit_of_measurement": "\u00b0C",
            "device_class": "temperature",
            "friendly_name": "Temperatura"
        },
        "last_changed": "2025-10-11T09:45:28.942164+00:00",
        "last_reported": "2025-10-11T09:45:28.942164+00:00",
        "last_updated": "2025-10-11T09:45:28.942164+00:00",
        "context": {
            "id": "01K79AJDKET11QF03MWMHCY8WC",
            "parent_id": null,
            "user_id": null
        }
    },
    "IDX_5": {
        "entity_id": "sensor.lumi_lumi_weather_temperatura_2",
        "state": "21.34",
        "attributes": {
            "state_class": "measurement",
            "unit_of_measurement": "\u00b0C",
            "device_class": "temperature",
            "friendly_name": "Temperatura"
        },
        "last_changed": "2025-10-11T09:35:46.807726+00:00",
        "last_reported": "2025-10-11T09:35:46.807726+00:00",
        "last_updated": "2025-10-11T09:35:46.807726+00:00",
        "context": {
            "id": "01K79A0N3QDFN7YPMN99JVD2S5",
            "parent_id": null,
            "user_id": null
        }
    },
    "IDX_6": {
        "entity_id": "sensor.lumi_lumi_weather_wilgotnosc_2",
        "state": "72.59",
        "attributes": {
            "state_class": "measurement",
            "unit_of_measurement": "%",
            "device_class": "humidity",
            "friendly_name": "Wilgotno\u015b\u0107"
        },
        "last_changed": "2025-10-11T09:30:45.161311+00:00",
        "last_reported": "2025-10-11T09:30:45.161311+00:00",
        "last_updated": "2025-10-11T09:30:45.161311+00:00",
        "context": {
            "id": "01K799QEH9AYFJH85WJRFMP0YV",
            "parent_id": null,
            "user_id": null
        }
    },
    "IDX_7": {
        "entity_id": "sensor.lumi_lumi_weather_temperatura",
        "state": "21.97",
        "attributes": {
            "state_class": "measurement",
            "unit_of_measurement": "\u00b0C",
            "device_class": "temperature",
            "friendly_name": "Temperatura"
        },
        "last_changed": "2025-10-11T09:45:28.942164+00:00",
        "last_reported": "2025-10-11T09:45:28.942164+00:00",
        "last_updated": "2025-10-11T09:45:28.942164+00:00",
        "context": {
            "id": "01K79AJDKET11QF03MWMHCY8WC",
            "parent_id": null,
            "user_id": null
        }
    },
    "IDX_8": {
        "entity_id": "sensor.lumi_lumi_weather_wilgotnosc",
        "state": "68.71",
        "attributes": {
            "state_class": "measurement",
            "unit_of_measurement": "%",
            "device_class": "humidity",
            "friendly_name": "Wilgotno\u015b\u0107"
        },
        "last_changed": "2025-10-11T09:45:28.953248+00:00",
        "last_reported": "2025-10-11T09:45:28.953248+00:00",
        "last_updated": "2025-10-11T09:45:28.953248+00:00",
        "context": {
            "id": "01K79AJDKSZCVGP9PC5K41KBQ7",
            "parent_id": null,
            "user_id": null
        }
    },
    "IDX_9": {
        "error": "Failed to fetch data"
    },
    "IDX_10": {
        "error": "Failed to fetch data"
    },
    "IDX_11": {
        "error": "Failed to fetch data"
    },
    "IDX_12": {
        "error": "Failed to fetch data"
    },
    "IDX_13": {
        "error": "Failed to fetch data"
    },
    "IDX_14": {
        "error": "Failed to fetch data"
    },
    "IDX_15": {
        "error": "Failed to fetch data"
    },
    "IDX_16": {
        "error": "Failed to fetch data"
    },
    "IDX_17": {
        "error": "Failed to fetch data"
    },
    "IDX_18": {
        "error": "Failed to fetch data"
    },
    "IDX_19": {
        "error": "Failed to fetch data"
    },
    "IDX_20": {
        "error": "Failed to fetch data"
    },
    "IDX_21": {
        "error": "Failed to fetch data"
    },
    "IDX_22": {
        "error": "Failed to fetch data"
    },
    "IDX_23": {
        "error": "Failed to fetch data"
    },
    "IDX_24": {
        "error": "Failed to fetch data"
    },
    "IDX_25": {
        "error": "Failed to fetch data"
    },
    "IDX_26": {
        "error": "Failed to fetch data"
    },
    "IDX_27": {
        "error": "Failed to fetch data"
    },
    "IDX_28": {
        "error": "Failed to fetch data"
    },
    "IDX_29": {
        "error": "Failed to fetch data"
    },
    "IDX_30": {
        "entity_id": "sensor.mstr",
        "state": "304.79",
        "attributes": {
            "state_class": "measurement",
            "change": -15.5,
            "changeOneWeek": -46.84,
            "changeOneMonth": -21.66,
            "changeThreeMonths": -116.95,
            "changeOneYear": 121.45,
            "changeThreeYears": 282.659,
            "changeFiveYears": 288.33,
            "changeTenYears": 284.24,
            "changeCurrentYear": 15.17,
            "changePercent": -4.84,
            "changePercentOneWeek": -13.321,
            "changePercentOneMonth": -6.635,
            "changePercentThreeMonths": -27.73,
            "changePercentOneYear": 66.243,
            "changePercentThreeYears": 1277.208,
            "changePercentFiveYears": 1751.701,
            "changePercentTenYears": 1383.163,
            "changePercentCurrentYear": 5.238,
            "name": "Strategy A",
            "trending": "down",
            "unit_of_measurement": "USD",
            "device_class": "monetary",
            "icon": "mdi:cash",
            "friendly_name": "MSTR"
        },
        "last_changed": "2025-10-10T21:01:23.569185+00:00",
        "last_reported": "2025-10-10T23:01:23.597240+00:00",
        "last_updated": "2025-10-10T23:01:23.597240+00:00",
        "context": {
            "id": "01K785Q20D9CE308WDAY8PXXZV",
            "parent_id": null,
            "user_id": null
        }
    },
    "IDX_31": {
        "error": "Failed to fetch data"
    },
    "IDX_32": {
        "error": "Failed to fetch data"
    },
    "IDX_33": {
        "error": "Failed to fetch data"
    },
    "IDX_34": {
        "error": "Failed to fetch data"
    }
}
